Linea_celular,Anti.miARNs,Recuento_Celular,Replicas.,Tiempo,Concentracion,Fluorescencia
HCT15,1,1,1,1,20,1821
HCT15,1,1,2,1,20,2531
HCT15,1,1,3,1,20,1550
HCT15,1,1,4,1,20,3112
HCT15,1,1,5,1,20,22540
HCT15,1,1,6,1,20,1515
HCT15,1,1,7,1,20,22812
HCT15,1,1,8,1,20,1902
HCT15,1,1,1,2,20,9649
HCT15,1,1,2,2,20,3787
HCT15,1,1,3,2,20,15648
HCT15,1,1,4,2,20,4052
HCT15,1,1,5,2,20,23085
HCT15,1,1,6,2,20,15240
HCT15,1,1,7,2,20,22946
HCT15,1,1,8,2,20,4799
HCT15,1,1,1,3,20,7770
HCT15,1,1,2,3,20,5760
HCT15,1,1,3,3,20,12298
HCT15,1,1,4,3,20,5462
HCT15,1,1,5,3,20,21097
HCT15,1,1,6,3,20,4679
HCT15,1,1,7,3,20,19449
HCT15,1,1,8,3,20,4714
HCT15,1,1,1,4,20,7485
HCT15,1,1,2,4,20,6476
HCT15,1,1,3,4,20,7478
HCT15,1,1,4,4,20,5319
HCT15,1,1,5,4,20,15995
HCT15,1,1,6,4,20,6231
HCT15,1,1,7,4,20,13519
HCT15,1,1,8,4,20,5548
HCT15,1,1,1,5,20,5954
HCT15,1,1,2,5,20,5115
HCT15,1,1,3,5,20,4804
HCT15,1,1,4,5,20,4331
HCT15,1,1,5,5,20,12617
HCT15,1,1,6,5,20,5980
HCT15,1,1,7,5,20,7450
HCT15,1,1,8,5,20,4996
HCT15,1,1,1,6,20,5731
HCT15,1,1,2,6,20,4741
HCT15,1,1,3,6,20,4697
HCT15,1,1,4,6,20,4450
HCT15,1,1,5,6,20,10773
HCT15,1,1,6,6,20,5747
HCT15,1,1,7,6,20,7004
HCT15,1,1,8,6,20,4763
HCT15,1,1,1,7,20,6449
HCT15,1,1,2,7,20,5051
HCT15,1,1,3,7,20,4921
HCT15,1,1,4,7,20,4653
HCT15,1,1,5,7,20,11723
HCT15,1,1,6,7,20,5934
HCT15,1,1,7,7,20,7925
HCT15,1,1,8,7,20,4813
HCT15,1,0,1,1,20,12
HCT15,1,0,2,1,20,22
HCT15,1,0,3,1,20,11
HCT15,1,0,4,1,20,20
HCT15,1,0,5,1,20,46
HCT15,1,0,6,1,20,80
HCT15,1,0,7,1,20,79
HCT15,1,0,8,1,20,68
HCT15,1,0,1,2,20,124
HCT15,1,0,2,2,20,79
HCT15,1,0,3,2,20,140
HCT15,1,0,4,2,20,139
HCT15,1,0,5,2,20,106
HCT15,1,0,6,2,20,123
HCT15,1,0,7,2,20,81
HCT15,1,0,8,2,20,121
HCT15,1,0,1,3,20,360
HCT15,1,0,2,3,20,230
HCT15,1,0,3,3,20,378
HCT15,1,0,4,3,20,358
HCT15,1,0,5,3,20,341
HCT15,1,0,6,3,20,413
HCT15,1,0,7,3,20,317
HCT15,1,0,8,3,20,445
HCT15,1,0,1,4,20,593
HCT15,1,0,2,4,20,498
HCT15,1,0,3,4,20,697
HCT15,1,0,4,4,20,696
HCT15,1,0,5,4,20,572
HCT15,1,0,6,4,20,745
HCT15,1,0,7,4,20,606
HCT15,1,0,8,4,20,769
HCT15,1,0,1,5,20,794
HCT15,1,0,2,5,20,750
HCT15,1,0,3,5,20,882
HCT15,1,0,4,5,20,1016
HCT15,1,0,5,5,20,807
HCT15,1,0,6,5,20,1034
HCT15,1,0,7,5,20,759
HCT15,1,0,8,5,20,1078
HCT15,1,0,1,6,20,1082
HCT15,1,0,2,6,20,1233
HCT15,1,0,3,6,20,1174
HCT15,1,0,4,6,20,1350
HCT15,1,0,5,6,20,1023
HCT15,1,0,6,6,20,1489
HCT15,1,0,7,6,20,1094
HCT15,1,0,8,6,20,1558
HCT15,1,0,1,7,20,1270
HCT15,1,0,2,7,20,1526
HCT15,1,0,3,7,20,1590
HCT15,1,0,4,7,20,1858
HCT15,1,0,5,7,20,1146
HCT15,1,0,6,7,20,1721
HCT15,1,0,7,7,20,1270
HCT15,1,0,8,7,20,1909
HCT15,0,1,1,1,20,22448
HCT15,0,1,2,1,20,23033
HCT15,0,1,3,1,20,21801
HCT15,0,1,4,1,20,20769
HCT15,0,1,5,1,20,23416
HCT15,0,1,6,1,20,23556
HCT15,0,1,7,1,20,22390
HCT15,0,1,8,1,20,22765
HCT15,0,1,1,2,20,23496
HCT15,0,1,2,2,20,22932
HCT15,0,1,3,2,20,22128
HCT15,0,1,4,2,20,22059
HCT15,0,1,5,2,20,22946
HCT15,0,1,6,2,20,23008
HCT15,0,1,7,2,20,22267
HCT15,0,1,8,2,20,22760
HCT15,0,1,1,3,20,20885
HCT15,0,1,2,3,20,20722
HCT15,0,1,3,3,20,19615
HCT15,0,1,4,3,20,18401
HCT15,0,1,5,3,20,22069
HCT15,0,1,6,3,20,20502
HCT15,0,1,7,3,20,19152
HCT15,0,1,8,3,20,20439
HCT15,0,1,1,4,20,17986
HCT15,0,1,2,4,20,16796
HCT15,0,1,3,4,20,16531
HCT15,0,1,4,4,20,14665
HCT15,0,1,5,4,20,20715
HCT15,0,1,6,4,20,17113
HCT15,0,1,7,4,20,15490
HCT15,0,1,8,4,20,16060
HCT15,0,1,1,5,20,15864
HCT15,0,1,2,5,20,14783
HCT15,0,1,3,5,20,15248
HCT15,0,1,4,5,20,11455
HCT15,0,1,5,5,20,19353
HCT15,0,1,6,5,20,16024
HCT15,0,1,7,5,20,13626
HCT15,0,1,8,5,20,15142
HCT15,0,1,1,6,20,14493
HCT15,0,1,2,6,20,13595
HCT15,0,1,3,6,20,15455
HCT15,0,1,4,6,20,11004
HCT15,0,1,5,6,20,18567
HCT15,0,1,6,6,20,16166
HCT15,0,1,7,6,20,13725
HCT15,0,1,8,6,20,14920
HCT15,0,1,1,7,20,14664
HCT15,0,1,2,7,20,13029
HCT15,0,1,3,7,20,16355
HCT15,0,1,4,7,20,11276
HCT15,0,1,5,7,20,18824
HCT15,0,1,6,7,20,16883
HCT15,0,1,7,7,20,14114
HCT15,0,1,8,7,20,14474
HCT15,0,0,1,1,20,55
HCT15,0,0,2,1,20,89
HCT15,0,0,3,1,20,86
HCT15,0,0,4,1,20,148
HCT15,0,0,5,1,20,40
HCT15,0,0,6,1,20,63
HCT15,0,0,7,1,20,72
HCT15,0,0,8,1,20,105
HCT15,0,0,1,2,20,98
HCT15,0,0,2,2,20,107
HCT15,0,0,3,2,20,147
HCT15,0,0,4,2,20,170
HCT15,0,0,5,2,20,74
HCT15,0,0,6,2,20,80
HCT15,0,0,7,2,20,114
HCT15,0,0,8,2,20,128
HCT15,0,0,1,3,20,176
HCT15,0,0,2,3,20,178
HCT15,0,0,3,3,20,227
HCT15,0,0,4,3,20,256
HCT15,0,0,5,3,20,184
HCT15,0,0,6,3,20,218
HCT15,0,0,7,3,20,269
HCT15,0,0,8,3,20,250
HCT15,0,0,1,4,20,318
HCT15,0,0,2,4,20,314
HCT15,0,0,3,4,20,391
HCT15,0,0,4,4,20,424
HCT15,0,0,5,4,20,403
HCT15,0,0,6,4,20,348
HCT15,0,0,7,4,20,512
HCT15,0,0,8,4,20,420
HCT15,0,0,1,5,20,549
HCT15,0,0,2,5,20,525
HCT15,0,0,3,5,20,589
HCT15,0,0,4,5,20,685
HCT15,0,0,5,5,20,482
HCT15,0,0,6,5,20,578
HCT15,0,0,7,5,20,739
HCT15,0,0,8,5,20,601
HCT15,0,0,1,6,20,665
HCT15,0,0,2,6,20,645
HCT15,0,0,3,6,20,812
HCT15,0,0,4,6,20,855
HCT15,0,0,5,6,20,640
HCT15,0,0,6,6,20,773
HCT15,0,0,7,6,20,977
HCT15,0,0,8,6,20,683
HCT15,0,0,1,7,20,866
HCT15,0,0,2,7,20,833
HCT15,0,0,3,7,20,906
HCT15,0,0,4,7,20,1085
HCT15,0,0,5,7,20,644
HCT15,0,0,6,7,20,914
HCT15,0,0,7,7,20,1076
HCT15,0,0,8,7,20,863
HCT15,1,1,1,1,10,3826
HCT15,1,1,2,1,10,3593
HCT15,1,1,3,1,10,2930
HCT15,1,1,4,1,10,4008
HCT15,1,1,5,1,10,3161
HCT15,1,1,6,1,10,3996
HCT15,1,1,7,1,10,2900
HCT15,1,1,8,1,10,4261
HCT15,1,1,1,2,10,5632
HCT15,1,1,2,2,10,5278
HCT15,1,1,3,2,10,5216
HCT15,1,1,4,2,10,5370
HCT15,1,1,5,2,10,5594
HCT15,1,1,6,2,10,5775
HCT15,1,1,7,2,10,5057
HCT15,1,1,8,2,10,5253
HCT15,1,1,1,3,10,7219
HCT15,1,1,2,3,10,6924
HCT15,1,1,3,3,10,6732
HCT15,1,1,4,3,10,6902
HCT15,1,1,5,3,10,7018
HCT15,1,1,6,3,10,6879
HCT15,1,1,7,3,10,6948
HCT15,1,1,8,3,10,5821
HCT15,1,1,1,4,10,6441
HCT15,1,1,2,4,10,6110
HCT15,1,1,3,4,10,6464
HCT15,1,1,4,4,10,6095
HCT15,1,1,5,4,10,5890
HCT15,1,1,6,4,10,5957
HCT15,1,1,7,4,10,7047
HCT15,1,1,8,4,10,4859
HCT15,1,1,1,5,10,5593
HCT15,1,1,2,5,10,5220
HCT15,1,1,3,5,10,5322
HCT15,1,1,4,5,10,5202
HCT15,1,1,5,5,10,5002
HCT15,1,1,6,5,10,5602
HCT15,1,1,7,5,10,6269
HCT15,1,1,8,5,10,4660
HCT15,1,1,1,6,10,5231
HCT15,1,1,2,6,10,5021
HCT15,1,1,3,6,10,5083
HCT15,1,1,4,6,10,5014
HCT15,1,1,5,6,10,5351
HCT15,1,1,6,6,10,6092
HCT15,1,1,7,6,10,6927
HCT15,1,1,8,6,10,5094
HCT15,1,1,1,7,10,5433
HCT15,1,1,2,7,10,5115
HCT15,1,1,3,7,10,5272
HCT15,1,1,4,7,10,5145
HCT15,1,1,5,7,10,4814
HCT15,1,1,6,7,10,5121
HCT15,1,1,7,7,10,5410
HCT15,1,1,8,7,10,4343
HCT15,1,0,1,1,10,95
HCT15,1,0,2,1,10,244
HCT15,1,0,3,1,10,109
HCT15,1,0,4,1,10,470
HCT15,1,0,5,1,10,69
HCT15,1,0,6,1,10,362
HCT15,1,0,7,1,10,95
HCT15,1,0,8,1,10,572
HCT15,1,0,1,2,10,214
HCT15,1,0,2,2,10,374
HCT15,1,0,3,2,10,166
HCT15,1,0,4,2,10,424
HCT15,1,0,5,2,10,197
HCT15,1,0,6,2,10,428
HCT15,1,0,7,2,10,175
HCT15,1,0,8,2,10,709
HCT15,1,0,1,3,10,161
HCT15,1,0,2,3,10,252
HCT15,1,0,3,3,10,251
HCT15,1,0,4,3,10,419
HCT15,1,0,5,3,10,348
HCT15,1,0,6,3,10,446
HCT15,1,0,7,3,10,285
HCT15,1,0,8,3,10,723
HCT15,1,0,1,4,10,270
HCT15,1,0,2,4,10,423
HCT15,1,0,3,4,10,377
HCT15,1,0,4,4,10,500
HCT15,1,0,5,4,10,518
HCT15,1,0,6,4,10,584
HCT15,1,0,7,4,10,450
HCT15,1,0,8,4,10,1050
HCT15,1,0,1,5,10,524
HCT15,1,0,2,5,10,723
HCT15,1,0,3,5,10,675
HCT15,1,0,4,5,10,804
HCT15,1,0,5,5,10,883
HCT15,1,0,6,5,10,884
HCT15,1,0,7,5,10,765
HCT15,1,0,8,5,10,1274
HCT15,1,0,1,6,10,915
HCT15,1,0,2,6,10,1068
HCT15,1,0,3,6,10,935
HCT15,1,0,4,6,10,1127
HCT15,1,0,5,6,10,1320
HCT15,1,0,6,6,10,1242
HCT15,1,0,7,6,10,1156
HCT15,1,0,8,6,10,1559
HCT15,1,0,1,7,10,1142
HCT15,1,0,2,7,10,1305
HCT15,1,0,3,7,10,1229
HCT15,1,0,4,7,10,1294
HCT15,1,0,5,7,10,1412
HCT15,1,0,6,7,10,1432
HCT15,1,0,7,7,10,1290
HCT15,1,0,8,7,10,1751
HCT15,0,1,1,1,10,23720
HCT15,0,1,2,1,10,1762
HCT15,0,1,3,1,10,22808
HCT15,0,1,4,1,10,2143
HCT15,0,1,5,1,10,1497
HCT15,0,1,6,1,10,12743
HCT15,0,1,7,1,10,2099
HCT15,0,1,8,1,10,1725
HCT15,0,1,1,2,10,23441
HCT15,0,1,2,2,10,7775
HCT15,0,1,3,2,10,22196
HCT15,0,1,4,2,10,3395
HCT15,0,1,5,2,10,5634
HCT15,0,1,6,2,10,17087
HCT15,0,1,7,2,10,3347
HCT15,0,1,8,2,10,3944
HCT15,0,1,1,3,10,21441
HCT15,0,1,2,3,10,4975
HCT15,0,1,3,3,10,15800
HCT15,0,1,4,3,10,5124
HCT15,0,1,5,3,10,4294
HCT15,0,1,6,3,10,6662
HCT15,0,1,7,3,10,4812
HCT15,0,1,8,3,10,4491
HCT15,0,1,1,4,10,15150
HCT15,0,1,2,4,10,5918
HCT15,0,1,3,4,10,7418
HCT15,0,1,4,4,10,5756
HCT15,0,1,5,4,10,5138
HCT15,0,1,6,4,10,4831
HCT15,0,1,7,4,10,4874
HCT15,0,1,8,4,10,4884
HCT15,0,1,1,5,10,10291
HCT15,0,1,2,5,10,5384
HCT15,0,1,3,5,10,6391
HCT15,0,1,4,5,10,5095
HCT15,0,1,5,5,10,4993
HCT15,0,1,6,5,10,4980
HCT15,0,1,7,5,10,4454
HCT15,0,1,8,5,10,4921
HCT15,0,1,1,6,10,7855
HCT15,0,1,2,6,10,5152
HCT15,0,1,3,6,10,6308
HCT15,0,1,4,6,10,4878
HCT15,0,1,5,6,10,4884
HCT15,0,1,6,6,10,4978
HCT15,0,1,7,6,10,4363
HCT15,0,1,8,6,10,4583
HCT15,0,1,1,7,10,6817
HCT15,0,1,2,7,10,5204
HCT15,0,1,3,7,10,5965
HCT15,0,1,4,7,10,4763
HCT15,0,1,5,7,10,4643
HCT15,0,1,6,7,10,4956
HCT15,0,1,7,7,10,4412
HCT15,0,1,8,7,10,4332
HCT15,0,0,1,1,10,46
HCT15,0,0,2,1,10,65
HCT15,0,0,3,1,10,73
HCT15,0,0,4,1,10,134
HCT15,0,0,5,1,10,49
HCT15,0,0,6,1,10,77
HCT15,0,0,7,1,10,76
HCT15,0,0,8,1,10,110
HCT15,0,0,1,2,10,81
HCT15,0,0,2,2,10,93
HCT15,0,0,3,2,10,142
HCT15,0,0,4,2,10,160
HCT15,0,0,5,2,10,104
HCT15,0,0,6,2,10,92
HCT15,0,0,7,2,10,117
HCT15,0,0,8,2,10,127
HCT15,0,0,1,3,10,119
HCT15,0,0,2,3,10,158
HCT15,0,0,3,3,10,153
HCT15,0,0,4,3,10,244
HCT15,0,0,5,3,10,259
HCT15,0,0,6,3,10,224
HCT15,0,0,7,3,10,244
HCT15,0,0,8,3,10,242
HCT15,0,0,1,4,10,229
HCT15,0,0,2,4,10,397
HCT15,0,0,3,4,10,319
HCT15,0,0,4,4,10,439
HCT15,0,0,5,4,10,499
HCT15,0,0,6,4,10,545
HCT15,0,0,7,4,10,580
HCT15,0,0,8,4,10,577
HCT15,0,0,1,5,10,397
HCT15,0,0,2,5,10,654
HCT15,0,0,3,5,10,448
HCT15,0,0,4,5,10,721
HCT15,0,0,5,5,10,924
HCT15,0,0,6,5,10,895
HCT15,0,0,7,5,10,945
HCT15,0,0,8,5,10,890
HCT15,0,0,1,6,10,516
HCT15,0,0,2,6,10,882
HCT15,0,0,3,6,10,695
HCT15,0,0,4,6,10,1054
HCT15,0,0,5,6,10,1321
HCT15,0,0,6,6,10,1147
HCT15,0,0,7,6,10,1295
HCT15,0,0,8,6,10,1286
HCT15,0,0,1,7,10,673
HCT15,0,0,2,7,10,1070
HCT15,0,0,3,7,10,859
HCT15,0,0,4,7,10,1341
HCT15,0,0,5,7,10,1615
HCT15,0,0,6,7,10,1280
HCT15,0,0,7,7,10,1600
HCT15,0,0,8,7,10,1587
HCT15,1,1,1,1,5,14168
HCT15,1,1,2,1,5,1867
HCT15,1,1,3,1,5,2718
HCT15,1,1,4,1,5,2107
HCT15,1,1,5,1,5,10177
HCT15,1,1,6,1,5,2346
HCT15,1,1,7,1,5,3431
HCT15,1,1,8,1,5,2615
HCT15,1,1,1,2,5,20321
HCT15,1,1,2,2,5,9062
HCT15,1,1,3,2,5,17077
HCT15,1,1,4,2,5,8044
HCT15,1,1,5,2,5,18458
HCT15,1,1,6,2,5,3956
HCT15,1,1,7,2,5,16814
HCT15,1,1,8,2,5,4129
HCT15,1,1,1,3,5,13753
HCT15,1,1,2,3,5,6857
HCT15,1,1,3,3,5,13710
HCT15,1,1,4,3,5,9375
HCT15,1,1,5,3,5,6550
HCT15,1,1,6,3,5,5937
HCT15,1,1,7,3,5,10719
HCT15,1,1,8,3,5,6092
HCT15,1,1,1,4,5,11274
HCT15,1,1,2,4,5,7300
HCT15,1,1,3,4,5,11092
HCT15,1,1,4,4,5,8758
HCT15,1,1,5,4,5,6863
HCT15,1,1,6,4,5,6693
HCT15,1,1,7,4,5,7411
HCT15,1,1,8,4,5,6340
HCT15,1,1,1,5,5,10003
HCT15,1,1,2,5,5,6916
HCT15,1,1,3,5,5,8851
HCT15,1,1,4,5,5,8025
HCT15,1,1,5,5,5,7103
HCT15,1,1,6,5,5,5610
HCT15,1,1,7,5,5,6985
HCT15,1,1,8,5,5,5393
HCT15,1,1,1,6,5,9101
HCT15,1,1,2,6,5,6000
HCT15,1,1,3,6,5,8288
HCT15,1,1,4,6,5,7137
HCT15,1,1,5,6,5,6968
HCT15,1,1,6,6,5,5358
HCT15,1,1,7,6,5,6857
HCT15,1,1,8,6,5,5277
HCT15,1,1,1,7,5,8353
HCT15,1,1,2,7,5,5730
HCT15,1,1,3,7,5,7564
HCT15,1,1,4,7,5,6735
HCT15,1,1,5,7,5,6408
HCT15,1,1,6,7,5,4976
HCT15,1,1,7,7,5,6136
HCT15,1,1,8,7,5,4778
HCT15,1,0,1,1,5,65
HCT15,1,0,2,1,5,119
HCT15,1,0,3,1,5,176
HCT15,1,0,4,1,5,179
HCT15,1,0,5,1,5,55
HCT15,1,0,6,1,5,165
HCT15,1,0,7,1,5,42
HCT15,1,0,8,1,5,175
HCT15,1,0,1,2,5,72
HCT15,1,0,2,2,5,93
HCT15,1,0,3,2,5,110
HCT15,1,0,4,2,5,137
HCT15,1,0,5,2,5,85
HCT15,1,0,6,2,5,178
HCT15,1,0,7,2,5,85
HCT15,1,0,8,2,5,186
HCT15,1,0,1,3,5,40
HCT15,1,0,2,3,5,53
HCT15,1,0,3,3,5,73
HCT15,1,0,4,3,5,106
HCT15,1,0,5,3,5,50
HCT15,1,0,6,3,5,105
HCT15,1,0,7,3,5,43
HCT15,1,0,8,3,5,109
HCT15,1,0,1,4,5,49
HCT15,1,0,2,4,5,89
HCT15,1,0,3,4,5,45
HCT15,1,0,4,4,5,112
HCT15,1,0,5,4,5,59
HCT15,1,0,6,4,5,133
HCT15,1,0,7,4,5,46
HCT15,1,0,8,4,5,145
HCT15,1,0,1,5,5,82
HCT15,1,0,2,5,5,147
HCT15,1,0,3,5,5,72
HCT15,1,0,4,5,5,132
HCT15,1,0,5,5,5,119
HCT15,1,0,6,5,5,196
HCT15,1,0,7,5,5,96
HCT15,1,0,8,5,5,196
HCT15,1,0,1,6,5,134
HCT15,1,0,2,6,5,228
HCT15,1,0,3,6,5,127
HCT15,1,0,4,6,5,247
HCT15,1,0,5,6,5,207
HCT15,1,0,6,6,5,361
HCT15,1,0,7,6,5,204
HCT15,1,0,8,6,5,367
HCT15,1,0,1,7,5,204
HCT15,1,0,2,7,5,329
HCT15,1,0,3,7,5,207
HCT15,1,0,4,7,5,343
HCT15,1,0,5,7,5,294
HCT15,1,0,6,7,5,546
HCT15,1,0,7,7,5,304
HCT15,1,0,8,7,5,499
HCT15,0,1,1,1,5,21615
HCT15,0,1,2,1,5,9758
HCT15,0,1,3,1,5,22084
HCT15,0,1,4,1,5,7979
HCT15,0,1,5,1,5,1709
HCT15,0,1,6,1,5,1590
HCT15,0,1,7,1,5,1678
HCT15,0,1,8,1,5,1857
HCT15,0,1,1,2,5,22425
HCT15,0,1,2,2,5,18789
HCT15,0,1,3,2,5,21652
HCT15,0,1,4,2,5,17125
HCT15,0,1,5,2,5,5964
HCT15,0,1,6,2,5,7777
HCT15,0,1,7,2,5,6341
HCT15,0,1,8,2,5,6698
HCT15,0,1,1,3,5,19869
HCT15,0,1,2,3,5,14129
HCT15,0,1,3,3,5,18641
HCT15,0,1,4,3,5,12365
HCT15,0,1,5,3,5,6052
HCT15,0,1,6,3,5,5437
HCT15,0,1,7,3,5,4994
HCT15,0,1,8,3,5,4959
HCT15,0,1,1,4,5,14629
HCT15,0,1,2,4,5,9435
HCT15,0,1,3,4,5,14059
HCT15,0,1,4,4,5,9751
HCT15,0,1,5,4,5,6898
HCT15,0,1,6,4,5,6769
HCT15,0,1,7,4,5,6233
HCT15,0,1,8,4,5,6221
HCT15,0,1,1,5,5,11061
HCT15,0,1,2,5,5,7836
HCT15,0,1,3,5,5,10243
HCT15,0,1,4,5,5,8247
HCT15,0,1,5,5,5,6225
HCT15,0,1,6,5,5,6205
HCT15,0,1,7,5,5,5940
HCT15,0,1,8,5,5,5931
HCT15,0,1,1,6,5,8979
HCT15,0,1,2,6,5,7458
HCT15,0,1,3,6,5,8291
HCT15,0,1,4,6,5,7527
HCT15,0,1,5,6,5,5640
HCT15,0,1,6,6,5,5505
HCT15,0,1,7,6,5,5495
HCT15,0,1,8,6,5,5282
HCT15,0,1,1,7,5,7653
HCT15,0,1,2,7,5,6228
HCT15,0,1,3,7,5,7145
HCT15,0,1,4,7,5,6460
HCT15,0,1,5,7,5,5247
HCT15,0,1,6,7,5,4896
HCT15,0,1,7,7,5,5135
HCT15,0,1,8,7,5,4896
HCT15,0,0,1,1,5,67
HCT15,0,0,2,1,5,149
HCT15,0,0,3,1,5,108
HCT15,0,0,4,1,5,122
HCT15,0,0,5,1,5,88
HCT15,0,0,6,1,5,111
HCT15,0,0,7,1,5,75
HCT15,0,0,8,1,5,88
HCT15,0,0,1,2,5,180
HCT15,0,0,2,2,5,152
HCT15,0,0,3,2,5,205
HCT15,0,0,4,2,5,165
HCT15,0,0,5,2,5,103
HCT15,0,0,6,2,5,124
HCT15,0,0,7,2,5,98
HCT15,0,0,8,2,5,105
HCT15,0,0,1,3,5,90
HCT15,0,0,2,3,5,98
HCT15,0,0,3,3,5,92
HCT15,0,0,4,3,5,96
HCT15,0,0,5,3,5,70
HCT15,0,0,6,3,5,82
HCT15,0,0,7,3,5,63
HCT15,0,0,8,3,5,80
HCT15,0,0,1,4,5,81
HCT15,0,0,2,4,5,106
HCT15,0,0,3,4,5,74
HCT15,0,0,4,4,5,95
HCT15,0,0,5,4,5,78
HCT15,0,0,6,4,5,103
HCT15,0,0,7,4,5,85
HCT15,0,0,8,4,5,100
HCT15,0,0,1,5,5,110
HCT15,0,0,2,5,5,168
HCT15,0,0,3,5,5,96
HCT15,0,0,4,5,5,137
HCT15,0,0,5,5,5,129
HCT15,0,0,6,5,5,143
HCT15,0,0,7,5,5,169
HCT15,0,0,8,5,5,162
HCT15,0,0,1,6,5,181
HCT15,0,0,2,6,5,243
HCT15,0,0,3,6,5,153
HCT15,0,0,4,6,5,198
HCT15,0,0,5,6,5,216
HCT15,0,0,6,6,5,241
HCT15,0,0,7,6,5,292
HCT15,0,0,8,6,5,255
HCT15,0,0,1,7,5,289
HCT15,0,0,2,7,5,365
HCT15,0,0,3,7,5,202
HCT15,0,0,4,7,5,257
HCT15,0,0,5,7,5,320
HCT15,0,0,6,7,5,283
HCT15,0,0,7,7,5,389
HCT15,0,0,8,7,5,360
HT29,1,1,1,1,20,3585
HT29,1,1,2,1,20,4519
HT29,1,1,3,1,20,2821
HT29,1,1,4,1,20,5045
HT29,1,1,5,1,20,3294
HT29,1,1,6,1,20,4492
HT29,1,1,7,1,20,2625
HT29,1,1,8,1,20,4167
HT29,1,1,1,2,20,4385
HT29,1,1,2,2,20,5239
HT29,1,1,3,2,20,3270
HT29,1,1,4,2,20,5708
HT29,1,1,5,2,20,3990
HT29,1,1,6,2,20,5156
HT29,1,1,7,2,20,3226
HT29,1,1,8,2,20,4946
HT29,1,1,1,3,20,5635
HT29,1,1,2,3,20,6618
HT29,1,1,3,3,20,4114
HT29,1,1,4,3,20,7171
HT29,1,1,5,3,20,4802
HT29,1,1,6,3,20,6645
HT29,1,1,7,3,20,3982
HT29,1,1,8,3,20,6253
HT29,1,1,1,4,20,5921
HT29,1,1,2,4,20,6656
HT29,1,1,3,4,20,4291
HT29,1,1,4,4,20,7364
HT29,1,1,5,4,20,4938
HT29,1,1,6,4,20,6881
HT29,1,1,7,4,20,4111
HT29,1,1,8,4,20,6634
HT29,1,1,1,5,20,5828
HT29,1,1,2,5,20,6161
HT29,1,1,3,5,20,4323
HT29,1,1,4,5,20,7058
HT29,1,1,5,5,20,4840
HT29,1,1,6,5,20,6646
HT29,1,1,7,5,20,4033
HT29,1,1,8,5,20,6206
HT29,1,1,1,6,20,5544
HT29,1,1,2,6,20,5351
HT29,1,1,3,6,20,4192
HT29,1,1,4,6,20,6525
HT29,1,1,5,6,20,4861
HT29,1,1,6,6,20,6402
HT29,1,1,7,6,20,4070
HT29,1,1,8,6,20,6245
HT29,1,1,1,7,20,5450
HT29,1,1,2,7,20,5096
HT29,1,1,3,7,20,4019
HT29,1,1,4,7,20,6306
HT29,1,1,5,7,20,4546
HT29,1,1,6,7,20,6219
HT29,1,1,7,7,20,3859
HT29,1,1,8,7,20,5723
HT29,1,0,1,1,20,13
HT29,1,0,2,1,20,10
HT29,1,0,3,1,20,10
HT29,1,0,4,1,20,12
HT29,1,0,5,1,20,9
HT29,1,0,6,1,20,20
HT29,1,0,7,1,20,11
HT29,1,0,8,1,20,22
HT29,1,0,1,2,20,37
HT29,1,0,2,2,20,34
HT29,1,0,3,2,20,47
HT29,1,0,4,2,20,31
HT29,1,0,5,2,20,52
HT29,1,0,6,2,20,28
HT29,1,0,7,2,20,110
HT29,1,0,8,2,20,50
HT29,1,0,1,3,20,208
HT29,1,0,2,3,20,178
HT29,1,0,3,3,20,263
HT29,1,0,4,3,20,191
HT29,1,0,5,3,20,317
HT29,1,0,6,3,20,189
HT29,1,0,7,3,20,390
HT29,1,0,8,3,20,238
HT29,1,0,1,4,20,442
HT29,1,0,2,4,20,420
HT29,1,0,3,4,20,613
HT29,1,0,4,4,20,436
HT29,1,0,5,4,20,719
HT29,1,0,6,4,20,422
HT29,1,0,7,4,20,818
HT29,1,0,8,4,20,469
HT29,1,0,1,5,20,812
HT29,1,0,2,5,20,731
HT29,1,0,3,5,20,971
HT29,1,0,4,5,20,758
HT29,1,0,5,5,20,1110
HT29,1,0,6,5,20,706
HT29,1,0,7,5,20,1147
HT29,1,0,8,5,20,729
HT29,1,0,1,6,20,1131
HT29,1,0,2,6,20,1038
HT29,1,0,3,6,20,1187
HT29,1,0,4,6,20,1068
HT29,1,0,5,6,20,1480
HT29,1,0,6,6,20,1070
HT29,1,0,7,6,20,1513
HT29,1,0,8,6,20,1146
HT29,1,0,1,7,20,1366
HT29,1,0,2,7,20,1443
HT29,1,0,3,7,20,1332
HT29,1,0,4,7,20,1509
HT29,1,0,5,7,20,1760
HT29,1,0,6,7,20,1431
HT29,1,0,7,7,20,1767
HT29,1,0,8,7,20,1582
HT29,0,1,1,1,20,4048
HT29,0,1,2,1,20,4865
HT29,0,1,3,1,20,3111
HT29,0,1,4,1,20,5076
HT29,0,1,5,1,20,3280
HT29,0,1,6,1,20,4535
HT29,0,1,7,1,20,3133
HT29,0,1,8,1,20,4994
HT29,0,1,1,2,20,4492
HT29,0,1,2,2,20,5253
HT29,0,1,3,2,20,3539
HT29,0,1,4,2,20,5453
HT29,0,1,5,2,20,3854
HT29,0,1,6,2,20,5043
HT29,0,1,7,2,20,3733
HT29,0,1,8,2,20,5494
HT29,0,1,1,3,20,5810
HT29,0,1,2,3,20,6589
HT29,0,1,3,3,20,4496
HT29,0,1,4,3,20,6648
HT29,0,1,5,3,20,5110
HT29,0,1,6,3,20,6408
HT29,0,1,7,3,20,4593
HT29,0,1,8,3,20,6784
HT29,0,1,1,4,20,5920
HT29,0,1,2,4,20,6636
HT29,0,1,3,4,20,4653
HT29,0,1,4,4,20,6568
HT29,0,1,5,4,20,5417
HT29,0,1,6,4,20,6393
HT29,0,1,7,4,20,4770
HT29,0,1,8,4,20,6674
HT29,0,1,1,5,20,6003
HT29,0,1,2,5,20,6661
HT29,0,1,3,5,20,4637
HT29,0,1,4,5,20,6586
HT29,0,1,5,5,20,5508
HT29,0,1,6,5,20,6489
HT29,0,1,7,5,20,4667
HT29,0,1,8,5,20,6559
HT29,0,1,1,6,20,5632
HT29,0,1,2,6,20,6113
HT29,0,1,3,6,20,4300
HT29,0,1,4,6,20,6221
HT29,0,1,5,6,20,5206
HT29,0,1,6,6,20,6312
HT29,0,1,7,6,20,4417
HT29,0,1,8,6,20,6205
HT29,0,1,1,7,20,5821
HT29,0,1,2,7,20,6257
HT29,0,1,3,7,20,4357
HT29,0,1,4,7,20,6283
HT29,0,1,5,7,20,5308
HT29,0,1,6,7,20,6475
HT29,0,1,7,7,20,4472
HT29,0,1,8,7,20,6360
HT29,0,0,1,1,20,32
HT29,0,0,2,1,20,46
HT29,0,0,3,1,20,52
HT29,0,0,4,1,20,81
HT29,0,0,5,1,20,18
HT29,0,0,6,1,20,29
HT29,0,0,7,1,20,53
HT29,0,0,8,1,20,92
HT29,0,0,1,2,20,20655
HT29,0,0,2,2,20,47
HT29,0,0,3,2,20,85
HT29,0,0,4,2,20,111
HT29,0,0,5,2,20,51
HT29,0,0,6,2,20,52
HT29,0,0,7,2,20,111
HT29,0,0,8,2,20,106
HT29,0,0,1,3,20,114
HT29,0,0,2,3,20,101
HT29,0,0,3,3,20,183
HT29,0,0,4,3,20,151
HT29,0,0,5,3,20,151
HT29,0,0,6,3,20,125
HT29,0,0,7,3,20,255
HT29,0,0,8,3,20,174
HT29,0,0,1,4,20,311
HT29,0,0,2,4,20,258
HT29,0,0,3,4,20,423
HT29,0,0,4,4,20,327
HT29,0,0,5,4,20,349
HT29,0,0,6,4,20,253
HT29,0,0,7,4,20,488
HT29,0,0,8,4,20,335
HT29,0,0,1,5,20,559
HT29,0,0,2,5,20,475
HT29,0,0,3,5,20,706
HT29,0,0,4,5,20,541
HT29,0,0,5,5,20,534
HT29,0,0,6,5,20,389
HT29,0,0,7,5,20,771
HT29,0,0,8,5,20,471
HT29,0,0,1,6,20,710
HT29,0,0,2,6,20,638
HT29,0,0,3,6,20,845
HT29,0,0,4,6,20,749
HT29,0,0,5,6,20,666
HT29,0,0,6,6,20,521
HT29,0,0,7,6,20,947
HT29,0,0,8,6,20,658
HT29,0,0,1,7,20,856
HT29,0,0,2,7,20,758
HT29,0,0,3,7,20,1115
HT29,0,0,4,7,20,978
HT29,0,0,5,7,20,906
HT29,0,0,6,7,20,680
HT29,0,0,7,7,20,1187
HT29,0,0,8,7,20,810
HT29,1,1,1,1,10,3597
HT29,1,1,2,1,10,5053
HT29,1,1,3,1,10,2950
HT29,1,1,4,1,10,5382
HT29,1,1,5,1,10,3771
HT29,1,1,6,1,10,5154
HT29,1,1,7,1,10,2796
HT29,1,1,8,1,10,6032
HT29,1,1,1,2,10,4213
HT29,1,1,2,2,10,5604
HT29,1,1,3,2,10,3342
HT29,1,1,4,2,10,5636
HT29,1,1,5,2,10,4323
HT29,1,1,6,2,10,5815
HT29,1,1,7,2,10,3352
HT29,1,1,8,2,10,6388
HT29,1,1,1,3,10,5489
HT29,1,1,2,3,10,6941
HT29,1,1,3,3,10,4234
HT29,1,1,4,3,10,6828
HT29,1,1,5,3,10,5659
HT29,1,1,6,3,10,7232
HT29,1,1,7,3,10,4239
HT29,1,1,8,3,10,7689
HT29,1,1,1,4,10,5941
HT29,1,1,2,4,10,7239
HT29,1,1,3,4,10,4373
HT29,1,1,4,4,10,7093
HT29,1,1,5,4,10,5851
HT29,1,1,6,4,10,7239
HT29,1,1,7,4,10,4515
HT29,1,1,8,4,10,7625
HT29,1,1,1,5,10,5921
HT29,1,1,2,5,10,7129
HT29,1,1,3,5,10,4329
HT29,1,1,4,5,10,6650
HT29,1,1,5,5,10,5830
HT29,1,1,6,5,10,6919
HT29,1,1,7,5,10,4456
HT29,1,1,8,5,10,7067
HT29,1,1,1,6,10,5986
HT29,1,1,2,6,10,6899
HT29,1,1,3,6,10,4254
HT29,1,1,4,6,10,6479
HT29,1,1,5,6,10,5877
HT29,1,1,6,6,10,7147
HT29,1,1,7,6,10,4550
HT29,1,1,8,6,10,7414
HT29,1,1,1,7,10,5602
HT29,1,1,2,7,10,6466
HT29,1,1,3,7,10,4062
HT29,1,1,4,7,10,6367
HT29,1,1,5,7,10,5670
HT29,1,1,6,7,10,6774
HT29,1,1,7,7,10,4461
HT29,1,1,8,7,10,7405
HT29,1,0,1,1,10,17
HT29,1,0,2,1,10,46
HT29,1,0,3,1,10,88
HT29,1,0,4,1,10,102
HT29,1,0,5,1,10,15
HT29,1,0,6,1,10,56
HT29,1,0,7,1,10,34
HT29,1,0,8,1,10,110
HT29,1,0,1,2,10,24
HT29,1,0,2,2,10,76
HT29,1,0,3,2,10,142
HT29,1,0,4,2,10,167
HT29,1,0,5,2,10,32
HT29,1,0,6,2,10,63
HT29,1,0,7,2,10,42
HT29,1,0,8,2,10,147
HT29,1,0,1,3,10,65
HT29,1,0,2,3,10,118
HT29,1,0,3,3,10,269
HT29,1,0,4,3,10,247
HT29,1,0,5,3,10,100
HT29,1,0,6,3,10,111
HT29,1,0,7,3,10,120
HT29,1,0,8,3,10,210
HT29,1,0,1,4,10,170
HT29,1,0,2,4,10,165
HT29,1,0,3,4,10,442
HT29,1,0,4,4,10,270
HT29,1,0,5,4,10,228
HT29,1,0,6,4,10,192
HT29,1,0,7,4,10,270
HT29,1,0,8,4,10,289
HT29,1,0,1,5,10,321
HT29,1,0,2,5,10,264
HT29,1,0,3,5,10,616
HT29,1,0,4,5,10,384
HT29,1,0,5,5,10,400
HT29,1,0,6,5,10,323
HT29,1,0,7,5,10,457
HT29,1,0,8,5,10,382
HT29,1,0,1,6,10,493
HT29,1,0,2,6,10,418
HT29,1,0,3,6,10,819
HT29,1,0,4,6,10,553
HT29,1,0,5,6,10,594
HT29,1,0,6,6,10,511
HT29,1,0,7,6,10,729
HT29,1,0,8,6,10,545
HT29,1,0,1,7,10,730
HT29,1,0,2,7,10,634
HT29,1,0,3,7,10,992
HT29,1,0,4,7,10,719
HT29,1,0,5,7,10,831
HT29,1,0,6,7,10,731
HT29,1,0,7,7,10,885
HT29,1,0,8,7,10,744
HT29,0,1,1,1,10,4385
HT29,0,1,2,1,10,5244
HT29,0,1,3,1,10,3664
HT29,0,1,4,1,10,5289
HT29,0,1,5,1,10,4033
HT29,0,1,6,1,10,4562
HT29,0,1,7,1,10,3752
HT29,0,1,8,1,10,5158
HT29,0,1,1,2,10,5135
HT29,0,1,2,2,10,5825
HT29,0,1,3,2,10,4195
HT29,0,1,4,2,10,5687
HT29,0,1,5,2,10,4694
HT29,0,1,6,2,10,5117
HT29,0,1,7,2,10,4331
HT29,0,1,8,2,10,5647
HT29,0,1,1,3,10,6639
HT29,0,1,2,3,10,7213
HT29,0,1,3,3,10,5279
HT29,0,1,4,3,10,7031
HT29,0,1,5,3,10,6096
HT29,0,1,6,3,10,6531
HT29,0,1,7,3,10,5671
HT29,0,1,8,3,10,7016
HT29,0,1,1,4,10,6904
HT29,0,1,2,4,10,7285
HT29,0,1,3,4,10,5485
HT29,0,1,4,4,10,6991
HT29,0,1,5,4,10,6306
HT29,0,1,6,4,10,6540
HT29,0,1,7,4,10,5716
HT29,0,1,8,4,10,6730
HT29,0,1,1,5,10,6899
HT29,0,1,2,5,10,7130
HT29,0,1,3,5,10,5419
HT29,0,1,4,5,10,7041
HT29,0,1,5,5,10,6256
HT29,0,1,6,5,10,6367
HT29,0,1,7,5,10,5649
HT29,0,1,8,5,10,6425
HT29,0,1,1,6,10,6598
HT29,0,1,2,6,10,6723
HT29,0,1,3,6,10,5368
HT29,0,1,4,6,10,6612
HT29,0,1,5,6,10,6293
HT29,0,1,6,6,10,6155
HT29,0,1,7,6,10,5639
HT29,0,1,8,6,10,6301
HT29,0,1,1,7,10,6245
HT29,0,1,2,7,10,6466
HT29,0,1,3,7,10,5271
HT29,0,1,4,7,10,6440
HT29,0,1,5,7,10,6275
HT29,0,1,6,7,10,6030
HT29,0,1,7,7,10,5616
HT29,0,1,8,7,10,6444
HT29,0,0,1,1,10,21
HT29,0,0,2,1,10,36
HT29,0,0,3,1,10,55
HT29,0,0,4,1,10,31
HT29,0,0,5,1,10,10
HT29,0,0,6,1,10,16
HT29,0,0,7,1,10,11
HT29,0,0,8,1,10,40
HT29,0,0,1,2,10,40
HT29,0,0,2,2,10,47
HT29,0,0,3,2,10,75
HT29,0,0,4,2,10,70
HT29,0,0,5,2,10,50
HT29,0,0,6,2,10,54
HT29,0,0,7,2,10,49
HT29,0,0,8,2,10,80
HT29,0,0,1,3,10,76
HT29,0,0,2,3,10,81
HT29,0,0,3,3,10,190
HT29,0,0,4,3,10,152
HT29,0,0,5,3,10,83
HT29,0,0,6,3,10,167
HT29,0,0,7,3,10,118
HT29,0,0,8,3,10,153
HT29,0,0,1,4,10,180
HT29,0,0,2,4,10,196
HT29,0,0,3,4,10,375
HT29,0,0,4,4,10,319
HT29,0,0,5,4,10,141
HT29,0,0,6,4,10,317
HT29,0,0,7,4,10,220
HT29,0,0,8,4,10,331
HT29,0,0,1,5,10,333
HT29,0,0,2,5,10,381
HT29,0,0,3,5,10,567
HT29,0,0,4,5,10,442
HT29,0,0,5,5,10,256
HT29,0,0,6,5,10,497
HT29,0,0,7,5,10,340
HT29,0,0,8,5,10,547
HT29,0,0,1,6,10,437
HT29,0,0,2,6,10,555
HT29,0,0,3,6,10,680
HT29,0,0,4,6,10,609
HT29,0,0,5,6,10,380
HT29,0,0,6,6,10,727
HT29,0,0,7,6,10,520
HT29,0,0,8,6,10,751
HT29,0,0,1,7,10,605
HT29,0,0,2,7,10,749
HT29,0,0,3,7,10,874
HT29,0,0,4,7,10,830
HT29,0,0,5,7,10,516
HT29,0,0,6,7,10,892
HT29,0,0,7,7,10,792
HT29,0,0,8,7,10,871
HT29,1,1,1,1,5,3738
HT29,1,1,2,1,5,4913
HT29,1,1,3,1,5,3096
HT29,1,1,4,1,5,5411
HT29,1,1,5,1,5,4011
HT29,1,1,6,1,5,4911
HT29,1,1,7,1,5,3214
HT29,1,1,8,1,5,5846
HT29,1,1,1,2,5,4469
HT29,1,1,2,2,5,5555
HT29,1,1,3,2,5,3616
HT29,1,1,4,2,5,5947
HT29,1,1,5,2,5,4901
HT29,1,1,6,2,5,5871
HT29,1,1,7,2,5,4034
HT29,1,1,8,2,5,6590
HT29,1,1,1,3,5,5853
HT29,1,1,2,3,5,6944
HT29,1,1,3,3,5,4884
HT29,1,1,4,3,5,7168
HT29,1,1,5,3,5,6597
HT29,1,1,6,3,5,7250
HT29,1,1,7,3,5,5550
HT29,1,1,8,3,5,7750
HT29,1,1,1,4,5,6148
HT29,1,1,2,4,5,7000
HT29,1,1,3,4,5,5295
HT29,1,1,4,4,5,7028
HT29,1,1,5,4,5,6667
HT29,1,1,6,4,5,7279
HT29,1,1,7,4,5,6027
HT29,1,1,8,4,5,7531
HT29,1,1,1,5,5,6278
HT29,1,1,2,5,5,7036
HT29,1,1,3,5,5,5509
HT29,1,1,4,5,5,6874
HT29,1,1,5,5,5,6770
HT29,1,1,6,5,5,7234
HT29,1,1,7,5,5,6195
HT29,1,1,8,5,5,7365
HT29,1,1,1,6,5,6307
HT29,1,1,2,6,5,7080
HT29,1,1,3,6,5,5678
HT29,1,1,4,6,5,7078
HT29,1,1,5,6,5,6733
HT29,1,1,6,6,5,7387
HT29,1,1,7,6,5,6356
HT29,1,1,8,6,5,7562
HT29,1,1,1,7,5,6112
HT29,1,1,2,7,5,7364
HT29,1,1,3,7,5,5529
HT29,1,1,4,7,5,7402
HT29,1,1,5,7,5,6413
HT29,1,1,6,7,5,7266
HT29,1,1,7,7,5,6405
HT29,1,1,8,7,5,7346
HT29,1,0,1,1,5,16
HT29,1,0,2,1,5,31
HT29,1,0,3,1,5,42
HT29,1,0,4,1,5,124
HT29,1,0,5,1,5,19
HT29,1,0,6,1,5,52
HT29,1,0,7,1,5,10
HT29,1,0,8,1,5,126
HT29,1,0,1,2,5,32
HT29,1,0,2,2,5,43
HT29,1,0,3,2,5,92
HT29,1,0,4,2,5,171
HT29,1,0,5,2,5,29
HT29,1,0,6,2,5,69
HT29,1,0,7,2,5,19
HT29,1,0,8,2,5,213
HT29,1,0,1,3,5,40
HT29,1,0,2,3,5,65
HT29,1,0,3,3,5,115
HT29,1,0,4,3,5,209
HT29,1,0,5,3,5,27
HT29,1,0,6,3,5,67
HT29,1,0,7,3,5,45
HT29,1,0,8,3,5,245
HT29,1,0,1,4,5,86
HT29,1,0,2,4,5,123
HT29,1,0,3,4,5,108
HT29,1,0,4,4,5,221
HT29,1,0,5,4,5,72
HT29,1,0,6,4,5,137
HT29,1,0,7,4,5,83
HT29,1,0,8,4,5,283
HT29,1,0,1,5,5,124
HT29,1,0,2,5,5,186
HT29,1,0,3,5,5,166
HT29,1,0,4,5,5,271
HT29,1,0,5,5,5,141
HT29,1,0,6,5,5,259
HT29,1,0,7,5,5,162
HT29,1,0,8,5,5,372
HT29,1,0,1,6,5,194
HT29,1,0,2,6,5,280
HT29,1,0,3,6,5,258
HT29,1,0,4,6,5,353
HT29,1,0,5,6,5,319
HT29,1,0,6,6,5,376
HT29,1,0,7,6,5,246
HT29,1,0,8,6,5,539
HT29,1,0,1,7,5,324
HT29,1,0,2,7,5,360
HT29,1,0,3,7,5,342
HT29,1,0,4,7,5,474
HT29,1,0,5,7,5,427
HT29,1,0,6,7,5,463
HT29,1,0,7,7,5,345
HT29,1,0,8,7,5,655
HT29,0,1,1,1,5,3659
HT29,0,1,2,1,5,4545
HT29,0,1,3,1,5,3439
HT29,0,1,4,1,5,4625
HT29,0,1,5,1,5,3657
HT29,0,1,6,1,5,4633
HT29,0,1,7,1,5,3447
HT29,0,1,8,1,5,4943
HT29,0,1,1,2,5,4315
HT29,0,1,2,2,5,5236
HT29,0,1,3,2,5,4060
HT29,0,1,4,2,5,5270
HT29,0,1,5,2,5,4241
HT29,0,1,6,2,5,5250
HT29,0,1,7,2,5,4035
HT29,0,1,8,2,5,5457
HT29,0,1,1,3,5,5932
HT29,0,1,2,3,5,6878
HT29,0,1,3,3,5,5626
HT29,0,1,4,3,5,6886
HT29,0,1,5,3,5,5752
HT29,0,1,6,3,5,6648
HT29,0,1,7,3,5,5348
HT29,0,1,8,3,5,6831
HT29,0,1,1,4,5,6471
HT29,0,1,2,4,5,7383
HT29,0,1,3,4,5,6247
HT29,0,1,4,4,5,7495
HT29,0,1,5,4,5,6105
HT29,0,1,6,4,5,7094
HT29,0,1,7,4,5,5945
HT29,0,1,8,4,5,7283
HT29,0,1,1,5,5,6558
HT29,0,1,2,5,5,7198
HT29,0,1,3,5,5,6308
HT29,0,1,4,5,5,7336
HT29,0,1,5,5,5,6003
HT29,0,1,6,5,5,6691
HT29,0,1,7,5,5,5738
HT29,0,1,8,5,5,6858
HT29,0,1,1,6,5,6285
HT29,0,1,2,6,5,6928
HT29,0,1,3,6,5,5986
HT29,0,1,4,6,5,6900
HT29,0,1,5,6,5,5858
HT29,0,1,6,6,5,6590
HT29,0,1,7,6,5,5839
HT29,0,1,8,6,5,6634
HT29,0,1,1,7,5,5991
HT29,0,1,2,7,5,6469
HT29,0,1,3,7,5,5765
HT29,0,1,4,7,5,6748
HT29,0,1,5,7,5,5830
HT29,0,1,6,7,5,6688
HT29,0,1,7,7,5,5548
HT29,0,1,8,7,5,6934
HT29,0,0,1,1,5,9
HT29,0,0,2,1,5,26
HT29,0,0,3,1,5,25
HT29,0,0,4,1,5,46
HT29,0,0,5,1,5,13
HT29,0,0,6,1,5,39
HT29,0,0,7,1,5,15
HT29,0,0,8,1,5,47
HT29,0,0,1,2,5,28
HT29,0,0,2,2,5,43
HT29,0,0,3,2,5,54
HT29,0,0,4,2,5,77
HT29,0,0,5,2,5,16
HT29,0,0,6,2,5,47
HT29,0,0,7,2,5,32
HT29,0,0,8,2,5,65
HT29,0,0,1,3,5,59
HT29,0,0,2,3,5,55
HT29,0,0,3,3,5,58
HT29,0,0,4,3,5,84
HT29,0,0,5,3,5,23
HT29,0,0,6,3,5,40
HT29,0,0,7,3,5,40
HT29,0,0,8,3,5,71
HT29,0,0,1,4,5,72
HT29,0,0,2,4,5,88
HT29,0,0,3,4,5,86
HT29,0,0,4,4,5,103
HT29,0,0,5,4,5,83
HT29,0,0,6,4,5,91
HT29,0,0,7,4,5,73
HT29,0,0,8,4,5,96
HT29,0,0,1,5,5,189
HT29,0,0,2,5,5,135
HT29,0,0,3,5,5,136
HT29,0,0,4,5,5,164
HT29,0,0,5,5,5,126
HT29,0,0,6,5,5,167
HT29,0,0,7,5,5,129
HT29,0,0,8,5,5,146
HT29,0,0,1,6,5,137
HT29,0,0,2,6,5,263
HT29,0,0,3,6,5,179
HT29,0,0,4,6,5,241
HT29,0,0,5,6,5,196
HT29,0,0,6,6,5,244
HT29,0,0,7,6,5,205
HT29,0,0,8,6,5,222
HT29,0,0,1,7,5,159
HT29,0,0,2,7,5,337
HT29,0,0,3,7,5,270
HT29,0,0,4,7,5,311
HT29,0,0,5,7,5,261
HT29,0,0,6,7,5,378
HT29,0,0,7,7,5,305
HT29,0,0,8,7,5,339
SW620,1,1,1,1,20,2165
SW620,1,1,2,1,20,2842
SW620,1,1,3,1,20,2112
SW620,1,1,4,1,20,2643
SW620,1,1,5,1,20,2285
SW620,1,1,6,1,20,2356
SW620,1,1,7,1,20,2377
SW620,1,1,8,1,20,3562
SW620,1,1,1,2,20,2205
SW620,1,1,2,2,20,2835
SW620,1,1,3,2,20,2163
SW620,1,1,4,2,20,2667
SW620,1,1,5,2,20,2477
SW620,1,1,6,2,20,2602
SW620,1,1,7,2,20,2581
SW620,1,1,8,2,20,3688
SW620,1,1,1,3,20,2445
SW620,1,1,2,3,20,3228
SW620,1,1,3,3,20,2400
SW620,1,1,4,3,20,2899
SW620,1,1,5,3,20,2946
SW620,1,1,6,3,20,3059
SW620,1,1,7,3,20,3059
SW620,1,1,8,3,20,4290
SW620,1,1,1,4,20,2774
SW620,1,1,2,4,20,3589
SW620,1,1,3,4,20,2695
SW620,1,1,4,4,20,3296
SW620,1,1,5,4,20,3450
SW620,1,1,6,4,20,3522
SW620,1,1,7,4,20,3537
SW620,1,1,8,4,20,4950
SW620,1,1,1,5,20,3111
SW620,1,1,2,5,20,4038
SW620,1,1,3,5,20,2994
SW620,1,1,4,5,20,3575
SW620,1,1,5,5,20,3769
SW620,1,1,6,5,20,3939
SW620,1,1,7,5,20,3863
SW620,1,1,8,5,20,5367
SW620,1,1,1,6,20,3516
SW620,1,1,2,6,20,4411
SW620,1,1,3,6,20,3242
SW620,1,1,4,6,20,3810
SW620,1,1,5,6,20,4001
SW620,1,1,6,6,20,4219
SW620,1,1,7,6,20,4110
SW620,1,1,8,6,20,5424
SW620,1,1,1,7,20,3917
SW620,1,1,2,7,20,4877
SW620,1,1,3,7,20,3434
SW620,1,1,4,7,20,4201
SW620,1,1,5,7,20,4330
SW620,1,1,6,7,20,4790
SW620,1,1,7,7,20,4532
SW620,1,1,8,7,20,6030
SW620,1,0,1,1,20,517
SW620,1,0,2,1,20,6
SW620,1,0,3,1,20,21
SW620,1,0,4,1,20,4
SW620,1,0,5,1,20,11
SW620,1,0,6,1,20,15
SW620,1,0,7,1,20,4
SW620,1,0,8,1,20,2
SW620,1,0,1,2,20,64
SW620,1,0,2,2,20,69
SW620,1,0,3,2,20,73
SW620,1,0,4,2,20,84
SW620,1,0,5,2,20,75
SW620,1,0,6,2,20,72
SW620,1,0,7,2,20,55
SW620,1,0,8,2,20,72
SW620,1,0,1,3,20,352
SW620,1,0,2,3,20,417
SW620,1,0,3,3,20,346
SW620,1,0,4,3,20,412
SW620,1,0,5,3,20,321
SW620,1,0,6,3,20,283
SW620,1,0,7,3,20,314
SW620,1,0,8,3,20,341
SW620,1,0,1,4,20,787
SW620,1,0,2,4,20,888
SW620,1,0,3,4,20,831
SW620,1,0,4,4,20,1043
SW620,1,0,5,4,20,786
SW620,1,0,6,4,20,746
SW620,1,0,7,4,20,765
SW620,1,0,8,4,20,864
SW620,1,0,1,5,20,1284
SW620,1,0,2,5,20,1597
SW620,1,0,3,5,20,1366
SW620,1,0,4,5,20,1730
SW620,1,0,5,5,20,1214
SW620,1,0,6,5,20,1176
SW620,1,0,7,5,20,1211
SW620,1,0,8,5,20,1410
SW620,1,0,1,6,20,1688
SW620,1,0,2,6,20,2197
SW620,1,0,3,6,20,1784
SW620,1,0,4,6,20,2229
SW620,1,0,5,6,20,1573
SW620,1,0,6,6,20,1552
SW620,1,0,7,6,20,1563
SW620,1,0,8,6,20,2003
SW620,1,0,1,7,20,2011
SW620,1,0,2,7,20,2668
SW620,1,0,3,7,20,2084
SW620,1,0,4,7,20,2653
SW620,1,0,5,7,20,1845
SW620,1,0,6,7,20,1830
SW620,1,0,7,7,20,1840
SW620,1,0,8,7,20,2372
SW620,0,1,1,1,20,3737
SW620,0,1,2,1,20,4223
SW620,0,1,3,1,20,2820
SW620,0,1,4,1,20,4939
SW620,0,1,5,1,20,1841
SW620,0,1,6,1,20,3817
SW620,0,1,7,1,20,1930
SW620,0,1,8,1,20,4286
SW620,0,1,1,2,20,3877
SW620,0,1,2,2,20,4247
SW620,0,1,3,2,20,3106
SW620,0,1,4,2,20,4866
SW620,0,1,5,2,20,2781
SW620,0,1,6,2,20,4060
SW620,0,1,7,2,20,2303
SW620,0,1,8,2,20,4282
SW620,0,1,1,3,20,4417
SW620,0,1,2,3,20,4811
SW620,0,1,3,3,20,3581
SW620,0,1,4,3,20,5489
SW620,0,1,5,3,20,3298
SW620,0,1,6,3,20,4782
SW620,0,1,7,3,20,2764
SW620,0,1,8,3,20,5032
SW620,0,1,1,4,20,5055
SW620,0,1,2,4,20,5338
SW620,0,1,3,4,20,4085
SW620,0,1,4,4,20,6113
SW620,0,1,5,4,20,3812
SW620,0,1,6,4,20,5491
SW620,0,1,7,4,20,3221
SW620,0,1,8,4,20,5527
SW620,0,1,1,5,20,5534
SW620,0,1,2,5,20,5795
SW620,0,1,3,5,20,4633
SW620,0,1,4,5,20,6320
SW620,0,1,5,5,20,4269
SW620,0,1,6,5,20,5825
SW620,0,1,7,5,20,3569
SW620,0,1,8,5,20,6007
SW620,0,1,1,6,20,5464
SW620,0,1,2,6,20,5687
SW620,0,1,3,6,20,4586
SW620,0,1,4,6,20,6258
SW620,0,1,5,6,20,4276
SW620,0,1,6,6,20,5718
SW620,0,1,7,6,20,3658
SW620,0,1,8,6,20,5696
SW620,0,1,1,7,20,6193
SW620,0,1,2,7,20,6356
SW620,0,1,3,7,20,5172
SW620,0,1,4,7,20,6883
SW620,0,1,5,7,20,4955
SW620,0,1,6,7,20,6590
SW620,0,1,7,7,20,4199
SW620,0,1,8,7,20,6686
SW620,0,0,1,1,20,9
SW620,0,0,2,1,20,21
SW620,0,0,3,1,20,6
SW620,0,0,4,1,20,45
SW620,0,0,5,1,20,10
SW620,0,0,6,1,20,13
SW620,0,0,7,1,20,10
SW620,0,0,8,1,20,20
SW620,0,0,1,2,20,17
SW620,0,0,2,2,20,42
SW620,0,0,3,2,20,18
SW620,0,0,4,2,20,63
SW620,0,0,5,2,20,21
SW620,0,0,6,2,20,36
SW620,0,0,7,2,20,34
SW620,0,0,8,2,20,47
SW620,0,0,1,3,20,136
SW620,0,0,2,3,20,121
SW620,0,0,3,3,20,180
SW620,0,0,4,3,20,181
SW620,0,0,5,3,20,87
SW620,0,0,6,3,20,128
SW620,0,0,7,3,20,147
SW620,0,0,8,3,20,158
SW620,0,0,1,4,20,387
SW620,0,0,2,4,20,388
SW620,0,0,3,4,20,538
SW620,0,0,4,4,20,393
SW620,0,0,5,4,20,307
SW620,0,0,6,4,20,349
SW620,0,0,7,4,20,372
SW620,0,0,8,4,20,360
SW620,0,0,1,5,20,804
SW620,0,0,2,5,20,782
SW620,0,0,3,5,20,1006
SW620,0,0,4,5,20,813
SW620,0,0,5,5,20,708
SW620,0,0,6,5,20,651
SW620,0,0,7,5,20,735
SW620,0,0,8,5,20,708
SW620,0,0,1,6,20,1241
SW620,0,0,2,6,20,1172
SW620,0,0,3,6,20,1391
SW620,0,0,4,6,20,1169
SW620,0,0,5,6,20,1007
SW620,0,0,6,6,20,982
SW620,0,0,7,6,20,1017
SW620,0,0,8,6,20,987
SW620,0,0,1,7,20,1600
SW620,0,0,2,7,20,1591
SW620,0,0,3,7,20,1670
SW620,0,0,4,7,20,1721
SW620,0,0,5,7,20,1261
SW620,0,0,6,7,20,1370
SW620,0,0,7,7,20,1290
SW620,0,0,8,7,20,1322
SW620,1,1,1,1,10,3299
SW620,1,1,2,1,10,2115
SW620,1,1,3,1,10,4180
SW620,1,1,4,1,10,4121
SW620,1,1,5,1,10,2042
SW620,1,1,6,1,10,3473
SW620,1,1,7,1,10,1838
SW620,1,1,8,1,10,4153
SW620,1,1,1,2,10,3437
SW620,1,1,2,2,10,2317
SW620,1,1,3,2,10,4358
SW620,1,1,4,2,10,4249
SW620,1,1,5,2,10,2329
SW620,1,1,6,2,10,3813
SW620,1,1,7,2,10,2095
SW620,1,1,8,2,10,4403
SW620,1,1,1,3,10,4285
SW620,1,1,2,3,10,2853
SW620,1,1,3,3,10,5469
SW620,1,1,4,3,10,5165
SW620,1,1,5,3,10,2827
SW620,1,1,6,3,10,4492
SW620,1,1,7,3,10,2570
SW620,1,1,8,3,10,5111
SW620,1,1,1,4,10,4732
SW620,1,1,2,4,10,3195
SW620,1,1,3,4,10,5909
SW620,1,1,4,4,10,5561
SW620,1,1,5,4,10,3308
SW620,1,1,6,4,10,5159
SW620,1,1,7,4,10,2905
SW620,1,1,8,4,10,5671
SW620,1,1,1,5,10,5205
SW620,1,1,2,5,10,3498
SW620,1,1,3,5,10,6450
SW620,1,1,4,5,10,5914
SW620,1,1,5,5,10,3621
SW620,1,1,6,5,10,5754
SW620,1,1,7,5,10,3292
SW620,1,1,8,5,10,6196
SW620,1,1,1,6,10,5709
SW620,1,1,2,6,10,3868
SW620,1,1,3,6,10,6717
SW620,1,1,4,6,10,6345
SW620,1,1,5,6,10,3951
SW620,1,1,6,6,10,5958
SW620,1,1,7,6,10,3481
SW620,1,1,8,6,10,6271
SW620,1,1,1,7,10,6228
SW620,1,1,2,7,10,4388
SW620,1,1,3,7,10,7409
SW620,1,1,4,7,10,6739
SW620,1,1,5,7,10,4462
SW620,1,1,6,7,10,6504
SW620,1,1,7,7,10,3865
SW620,1,1,8,7,10,6787
SW620,1,0,1,1,10,13
SW620,1,0,2,1,10,16
SW620,1,0,3,1,10,6
SW620,1,0,4,1,10,22
SW620,1,0,5,1,10,11
SW620,1,0,6,1,10,25
SW620,1,0,7,1,10,194
SW620,1,0,8,1,10,50
SW620,1,0,1,2,10,21
SW620,1,0,2,2,10,44
SW620,1,0,3,2,10,30
SW620,1,0,4,2,10,65
SW620,1,0,5,2,10,32
SW620,1,0,6,2,10,75
SW620,1,0,7,2,10,291
SW620,1,0,8,2,10,265
SW620,1,0,1,3,10,179
SW620,1,0,2,3,10,214
SW620,1,0,3,3,10,161
SW620,1,0,4,3,10,206
SW620,1,0,5,3,10,235
SW620,1,0,6,3,10,333
SW620,1,0,7,3,10,404
SW620,1,0,8,3,10,488
SW620,1,0,1,4,10,496
SW620,1,0,2,4,10,584
SW620,1,0,3,4,10,393
SW620,1,0,4,4,10,526
SW620,1,0,5,4,10,661
SW620,1,0,6,4,10,1059
SW620,1,0,7,4,10,846
SW620,1,0,8,4,10,981
SW620,1,0,1,5,10,932
SW620,1,0,2,5,10,988
SW620,1,0,3,5,10,721
SW620,1,0,4,5,10,930
SW620,1,0,5,5,10,1091
SW620,1,0,6,5,10,1785
SW620,1,0,7,5,10,1246
SW620,1,0,8,5,10,1689
SW620,1,0,1,6,10,1295
SW620,1,0,2,6,10,1252
SW620,1,0,3,6,10,1034
SW620,1,0,4,6,10,1393
SW620,1,0,5,6,10,1591
SW620,1,0,6,6,10,2286
SW620,1,0,7,6,10,1655
SW620,1,0,8,6,10,2192
SW620,1,0,1,7,10,1673
SW620,1,0,2,7,10,1579
SW620,1,0,3,7,10,1449
SW620,1,0,4,7,10,1838
SW620,1,0,5,7,10,1977
SW620,1,0,6,7,10,2965
SW620,1,0,7,7,10,2076
SW620,1,0,8,7,10,2714
SW620,0,1,1,1,10,3277
SW620,0,1,2,1,10,3295
SW620,0,1,3,1,10,2885
SW620,0,1,4,1,10,4387
SW620,0,1,5,1,10,2055
SW620,0,1,6,1,10,4090
SW620,0,1,7,1,10,2095
SW620,0,1,8,1,10,4036
SW620,0,1,1,2,10,3931
SW620,0,1,2,2,10,3604
SW620,0,1,3,2,10,3225
SW620,0,1,4,2,10,4585
SW620,0,1,5,2,10,2386
SW620,0,1,6,2,10,4155
SW620,0,1,7,2,10,2352
SW620,0,1,8,2,10,4157
SW620,0,1,1,3,10,4715
SW620,0,1,2,3,10,4223
SW620,0,1,3,3,10,3850
SW620,0,1,4,3,10,5327
SW620,0,1,5,3,10,2920
SW620,0,1,6,3,10,5040
SW620,0,1,7,3,10,2904
SW620,0,1,8,3,10,4971
SW620,0,1,1,4,10,5166
SW620,0,1,2,4,10,4846
SW620,0,1,3,4,10,4424
SW620,0,1,4,4,10,5757
SW620,0,1,5,4,10,3527
SW620,0,1,6,4,10,5762
SW620,0,1,7,4,10,3390
SW620,0,1,8,4,10,5659
SW620,0,1,1,5,10,5743
SW620,0,1,2,5,10,5500
SW620,0,1,3,5,10,4769
SW620,0,1,4,5,10,6325
SW620,0,1,5,5,10,3940
SW620,0,1,6,5,10,6127
SW620,0,1,7,5,10,3875
SW620,0,1,8,5,10,6184
SW620,0,1,1,6,10,5977
SW620,0,1,2,6,10,5712
SW620,0,1,3,6,10,5255
SW620,0,1,4,6,10,6342
SW620,0,1,5,6,10,4573
SW620,0,1,6,6,10,6886
SW620,0,1,7,6,10,4458
SW620,0,1,8,6,10,6708
SW620,0,1,1,7,10,6775
SW620,0,1,2,7,10,6449
SW620,0,1,3,7,10,5979
SW620,0,1,4,7,10,6944
SW620,0,1,5,7,10,4891
SW620,0,1,6,7,10,7124
SW620,0,1,7,7,10,4815
SW620,0,1,8,7,10,6893
SW620,0,0,1,1,10,10
SW620,0,0,2,1,10,11
SW620,0,0,3,1,10,2
SW620,0,0,4,1,10,18
SW620,0,0,5,1,10,12
SW620,0,0,6,1,10,9
SW620,0,0,7,1,10,8
SW620,0,0,8,1,10,21
SW620,0,0,1,2,10,23
SW620,0,0,2,2,10,19
SW620,0,0,3,2,10,8
SW620,0,0,4,2,10,28
SW620,0,0,5,2,10,86
SW620,0,0,6,2,10,166
SW620,0,0,7,2,10,12
SW620,0,0,8,2,10,22
SW620,0,0,1,3,10,91
SW620,0,0,2,3,10,91
SW620,0,0,3,3,10,109
SW620,0,0,4,3,10,126
SW620,0,0,5,3,10,47
SW620,0,0,6,3,10,78
SW620,0,0,7,3,10,106
SW620,0,0,8,3,10,98
SW620,0,0,1,4,10,236
SW620,0,0,2,4,10,327
SW620,0,0,3,4,10,371
SW620,0,0,4,4,10,327
SW620,0,0,5,4,10,194
SW620,0,0,6,4,10,243
SW620,0,0,7,4,10,319
SW620,0,0,8,4,10,282
SW620,0,0,1,5,10,561
SW620,0,0,2,5,10,661
SW620,0,0,3,5,10,770
SW620,0,0,4,5,10,726
SW620,0,0,5,5,10,373
SW620,0,0,6,5,10,453
SW620,0,0,7,5,10,632
SW620,0,0,8,5,10,629
SW620,0,0,1,6,10,882
SW620,0,0,2,6,10,974
SW620,0,0,3,6,10,1093
SW620,0,0,4,6,10,1085
SW620,0,0,5,6,10,645
SW620,0,0,6,6,10,829
SW620,0,0,7,6,10,935
SW620,0,0,8,6,10,917
SW620,0,0,1,7,10,1307
SW620,0,0,2,7,10,1325
SW620,0,0,3,7,10,1444
SW620,0,0,4,7,10,1537
SW620,0,0,5,7,10,865
SW620,0,0,6,7,10,1196
SW620,0,0,7,7,10,1140
SW620,0,0,8,7,10,1284
SW620,1,1,1,1,5,3497
SW620,1,1,2,1,5,3507
SW620,1,1,3,1,5,2698
SW620,1,1,4,1,5,4501
SW620,1,1,5,1,5,2383
SW620,1,1,6,1,5,3793
SW620,1,1,7,1,5,1904
SW620,1,1,8,1,5,3897
SW620,1,1,1,2,5,3619
SW620,1,1,2,2,5,3660
SW620,1,1,3,2,5,2999
SW620,1,1,4,2,5,4629
SW620,1,1,5,2,5,2729
SW620,1,1,6,2,5,3959
SW620,1,1,7,2,5,2203
SW620,1,1,8,2,5,4083
SW620,1,1,1,3,5,4534
SW620,1,1,2,3,5,4640
SW620,1,1,3,3,5,3727
SW620,1,1,4,3,5,5762
SW620,1,1,5,3,5,3499
SW620,1,1,6,3,5,4942
SW620,1,1,7,3,5,2804
SW620,1,1,8,3,5,4955
SW620,1,1,1,4,5,4645
SW620,1,1,2,4,5,4909
SW620,1,1,3,4,5,3971
SW620,1,1,4,4,5,5702
SW620,1,1,5,4,5,4201
SW620,1,1,6,4,5,5502
SW620,1,1,7,4,5,3340
SW620,1,1,8,4,5,5714
SW620,1,1,1,5,5,5044
SW620,1,1,2,5,5,5428
SW620,1,1,3,5,5,4485
SW620,1,1,4,5,5,6232
SW620,1,1,5,5,5,4417
SW620,1,1,6,5,5,5844
SW620,1,1,7,5,5,3735
SW620,1,1,8,5,5,5723
SW620,1,1,1,6,5,5671
SW620,1,1,2,6,5,6016
SW620,1,1,3,6,5,5087
SW620,1,1,4,6,5,6721
SW620,1,1,5,6,5,4822
SW620,1,1,6,6,5,6017
SW620,1,1,7,6,5,4100
SW620,1,1,8,6,5,6025
SW620,1,1,1,7,5,6526
SW620,1,1,2,7,5,6818
SW620,1,1,3,7,5,5972
SW620,1,1,4,7,5,7399
SW620,1,1,5,7,5,5310
SW620,1,1,6,7,5,6767
SW620,1,1,7,7,5,4911
SW620,1,1,8,7,5,6794
SW620,1,0,1,1,5,15
SW620,1,0,2,1,5,5
SW620,1,0,3,1,5,5
SW620,1,0,4,1,5,18
SW620,1,0,5,1,5,6
SW620,1,0,6,1,5,11
SW620,1,0,7,1,5,212
SW620,1,0,8,1,5,16
SW620,1,0,1,2,5,118
SW620,1,0,2,2,5,22
SW620,1,0,3,2,5,31
SW620,1,0,4,2,5,41
SW620,1,0,5,2,5,9
SW620,1,0,6,2,5,31
SW620,1,0,7,2,5,138
SW620,1,0,8,2,5,24
SW620,1,0,1,3,5,45
SW620,1,0,2,3,5,74
SW620,1,0,3,3,5,74
SW620,1,0,4,3,5,64
SW620,1,0,5,3,5,20
SW620,1,0,6,3,5,32
SW620,1,0,7,3,5,148
SW620,1,0,8,3,5,33
SW620,1,0,1,4,5,117
SW620,1,0,2,4,5,150
SW620,1,0,3,4,5,161
SW620,1,0,4,4,5,163
SW620,1,0,5,4,5,77
SW620,1,0,6,4,5,108
SW620,1,0,7,4,5,219
SW620,1,0,8,4,5,116
SW620,1,0,1,5,5,218
SW620,1,0,2,5,5,265
SW620,1,0,3,5,5,283
SW620,1,0,4,5,5,321
SW620,1,0,5,5,5,161
SW620,1,0,6,5,5,241
SW620,1,0,7,5,5,339
SW620,1,0,8,5,5,250
SW620,1,0,1,6,5,376
SW620,1,0,2,6,5,385
SW620,1,0,3,6,5,470
SW620,1,0,4,6,5,527
SW620,1,0,5,6,5,307
SW620,1,0,6,6,5,420
SW620,1,0,7,6,5,413
SW620,1,0,8,6,5,465
SW620,1,0,1,7,5,551
SW620,1,0,2,7,5,558
SW620,1,0,3,7,5,612
SW620,1,0,4,7,5,788
SW620,1,0,5,7,5,449
SW620,1,0,6,7,5,686
SW620,1,0,7,7,5,619
SW620,1,0,8,7,5,649
SW620,0,1,1,1,5,3371
SW620,0,1,2,1,5,4491
SW620,0,1,3,1,5,2286
SW620,0,1,4,1,5,4857
SW620,0,1,5,1,5,2095
SW620,0,1,6,1,5,3987
SW620,0,1,7,1,5,2108
SW620,0,1,8,1,5,4035
SW620,0,1,1,2,5,3648
SW620,0,1,2,2,5,4405
SW620,0,1,3,2,5,2743
SW620,0,1,4,2,5,5004
SW620,0,1,5,2,5,2306
SW620,0,1,6,2,5,4024
SW620,0,1,7,2,5,2403
SW620,0,1,8,2,5,4099
SW620,0,1,1,3,5,4439
SW620,0,1,2,3,5,5329
SW620,0,1,3,3,5,3427
SW620,0,1,4,3,5,5794
SW620,0,1,5,3,5,3032
SW620,0,1,6,3,5,5082
SW620,0,1,7,3,5,3101
SW620,0,1,8,3,5,5029
SW620,0,1,1,4,5,5070
SW620,0,1,2,4,5,5655
SW620,0,1,3,4,5,4030
SW620,0,1,4,4,5,6325
SW620,0,1,5,4,5,3861
SW620,0,1,6,4,5,5983
SW620,0,1,7,4,5,3902
SW620,0,1,8,4,5,6011
SW620,0,1,1,5,5,5616
SW620,0,1,2,5,5,6265
SW620,0,1,3,5,5,4587
SW620,0,1,4,5,5,6776
SW620,0,1,5,5,5,4263
SW620,0,1,6,5,5,6188
SW620,0,1,7,5,5,4136
SW620,0,1,8,5,5,5988
SW620,0,1,1,6,5,6333
SW620,0,1,2,6,5,6455
SW620,0,1,3,6,5,5241
SW620,0,1,4,6,5,7327
SW620,0,1,5,6,5,4791
SW620,0,1,6,6,5,6784
SW620,0,1,7,6,5,4749
SW620,0,1,8,6,5,6588
SW620,0,1,1,7,5,6780
SW620,0,1,2,7,5,6802
SW620,0,1,3,7,5,5925
SW620,0,1,4,7,5,7479
SW620,0,1,5,7,5,5305
SW620,0,1,6,7,5,7122
SW620,0,1,7,7,5,5331
SW620,0,1,8,7,5,6857
SW620,0,0,1,1,5,14
SW620,0,0,2,1,5,47
SW620,0,0,3,1,5,16
SW620,0,0,4,1,5,34
SW620,0,0,5,1,5,4
SW620,0,0,6,1,5,12
SW620,0,0,7,1,5,546
SW620,0,0,8,1,5,18
SW620,0,0,1,2,5,15
SW620,0,0,2,2,5,60
SW620,0,0,3,2,5,18
SW620,0,0,4,2,5,45
SW620,0,0,5,2,5,96
SW620,0,0,6,2,5,26
SW620,0,0,7,2,5,16
SW620,0,0,8,2,5,42
SW620,0,0,1,3,5,45
SW620,0,0,2,3,5,110
SW620,0,0,3,3,5,37
SW620,0,0,4,3,5,81
SW620,0,0,5,3,5,32
SW620,0,0,6,3,5,64
SW620,0,0,7,3,5,44
SW620,0,0,8,3,5,90
SW620,0,0,1,4,5,110
SW620,0,0,2,4,5,160
SW620,0,0,3,4,5,109
SW620,0,0,4,4,5,142
SW620,0,0,5,4,5,70
SW620,0,0,6,4,5,147
SW620,0,0,7,4,5,103
SW620,0,0,8,4,5,161
SW620,0,0,1,5,5,197
SW620,0,0,2,5,5,290
SW620,0,0,3,5,5,199
SW620,0,0,4,5,5,262
SW620,0,0,5,5,5,140
SW620,0,0,6,5,5,271
SW620,0,0,7,5,5,175
SW620,0,0,8,5,5,237
SW620,0,0,1,6,5,340
SW620,0,0,2,6,5,452
SW620,0,0,3,6,5,340
SW620,0,0,4,6,5,493
SW620,0,0,5,6,5,232
SW620,0,0,6,6,5,417
SW620,0,0,7,6,5,332
SW620,0,0,8,6,5,487
SW620,0,0,1,7,5,562
SW620,0,0,2,7,5,725
SW620,0,0,3,7,5,459
SW620,0,0,4,7,5,919
SW620,0,0,5,7,5,333
SW620,0,0,6,7,5,612
SW620,0,0,7,7,5,441
SW620,0,0,8,7,5,601
